{"stats":{"minecraft:custom":{"minecraft:time_since_rest":10717,"minecraft:play_one_minute":10717,"minecraft:crouch_one_cm":421,"minecraft:sprint_one_cm":23768,"minecraft:walk_one_cm":30458,"minecraft:sneak_time":195,"minecraft:mob_kills":19,"minecraft:jump":221,"minecraft:leave_game":3,"minecraft:time_since_death":10717,"minecraft:fall_one_cm":267,"minecraft:fly_one_cm":84676},"minecraft:picked_up":{"minecraft:arrow":2,"minecraft:bone":4,"minecraft:rotten_flesh":4,"minecraft:beef":2,"minecraft:gunpowder":2},"minecraft:killed":{"minecraft:skeleton":2,"minecraft:spider":3,"minecraft:iron_golem":1,"minecraft:zombie":2,"minecraft:villager":3,"minecraft:creeper":5,"minecraft:cow":3},"minecraft:mined":{"minecraft:grass":1,"minecraft:tall_grass":1}},"DataVersion":2586}