{"stats":{"minecraft:picked_up":{"minecraft:poppy":1,"minecraft:kelp":23},"minecraft:custom":{"minecraft:jump":96,"minecraft:open_chest":4,"minecraft:time_since_rest":8044,"minecraft:crouch_one_cm":185,"minecraft:play_one_minute":8044,"minecraft:leave_game":1,"minecraft:sprint_one_cm":6105,"minecraft:time_since_death":8044,"minecraft:walk_on_water_one_cm":1386,"minecraft:walk_one_cm":1027,"minecraft:sneak_time":249,"minecraft:climb_one_cm":302,"minecraft:walk_under_water_one_cm":4453,"minecraft:fly_one_cm":227183}},"DataVersion":2586}