{"stats":{"minecraft:used":{"minecraft:netherite_sword":17,"minecraft:golden_apple":5,"minecraft:bow":6,"minecraft:cooked_beef":4},"minecraft:killed_by":{"minecraft:zombie":1},"minecraft:picked_up":{"minecraft:netherite_boots":1,"minecraft:cooked_beef":61,"tac:m4":1,"minecraft:torch":2,"minecraft:potato":1,"minecraft:sand":1,"minecraft:gunpowder":16,"minecraft:netherite_leggings":1,"minecraft:spider_eye":2,"minecraft:string":4,"travelersbackpack:diamond":2,"minecraft:bone":21,"minecraft:arrow":19,"minecraft:rotten_flesh":24,"tac:m92fs":1,"minecraft:bow":3,"minecraft:netherite_helmet":1,"tac:nato_556_bullet":36,"minecraft:beef":2,"tac:muzzle_brake":1,"minecraft:golden_apple":54,"tac:9mm_round":110,"minecraft:netherite_chestplate":1,"tac:sro_dot":1,"minecraft:ender_pearl":1},"minecraft:killed":{"minecraft:skeleton":18,"minecraft:husk":2,"minecraft:zombie":25,"hordes:zombie_player":1,"minecraft:zombie_villager":1,"minecraft:spider":5,"minecraft:iron_golem":1,"minecraft:villager":4,"minecraft:creeper":21,"minecraft:enderman":1,"minecraft:cow":3},"minecraft:dropped":{"minecraft:gunpowder":3,"minecraft:spider_eye":1,"minecraft:string":1},"minecraft:custom":{"minecraft:time_since_rest":12338,"minecraft:damage_absorbed":129,"minecraft:sprint_one_cm":81270,"minecraft:damage_taken":1053,"minecraft:walk_one_cm":133980,"minecraft:mob_kills":82,"minecraft:drop":3,"minecraft:damage_dealt":520,"minecraft:fly_one_cm":112789,"minecraft:open_chest":1,"minecraft:crouch_one_cm":3374,"minecraft:play_one_minute":47435,"minecraft:deaths":1,"minecraft:sneak_time":1073,"minecraft:bell_ring":7,"minecraft:jump":470,"minecraft:leave_game":5,"minecraft:time_since_death":12295,"minecraft:fall_one_cm":267},"minecraft:mined":{"minecraft:grass":1,"minecraft:tall_grass":1}},"DataVersion":2586}