{"stats":{"minecraft:dropped":{"minecraft:spider_eye":1,"minecraft:gunpowder":3,"minecraft:string":1},"minecraft:killed":{"minecraft:skeleton":11,"minecraft:spider":3,"minecraft:iron_golem":1,"minecraft:husk":1,"minecraft:zombie":12,"minecraft:villager":4,"minecraft:creeper":12,"minecraft:cow":3},"minecraft:picked_up":{"travelersbackpack:diamond":1,"minecraft:arrow":9,"minecraft:bone":10,"minecraft:rotten_flesh":9,"minecraft:bow":1,"minecraft:beef":2,"minecraft:gunpowder":5,"minecraft:spider_eye":1,"minecraft:string":2},"minecraft:used":{"minecraft:cooked_beef":2},"minecraft:mined":{"minecraft:grass":1,"minecraft:tall_grass":1},"minecraft:custom":{"minecraft:open_chest":1,"minecraft:time_since_rest":29235,"minecraft:damage_taken":393,"minecraft:play_one_minute":29235,"minecraft:crouch_one_cm":740,"minecraft:sprint_one_cm":52447,"minecraft:walk_one_cm":79034,"minecraft:bell_ring":7,"minecraft:sneak_time":327,"minecraft:mob_kills":47,"minecraft:drop":3,"minecraft:jump":351,"minecraft:leave_game":4,"minecraft:time_since_death":29235,"minecraft:fall_one_cm":267,"minecraft:fly_one_cm":97834}},"DataVersion":2586}