{"stats":{"minecraft:picked_up":{"minecraft:beef":2,"minecraft:bone":2,"minecraft:arrow":2,"minecraft:rotten_flesh":4,"minecraft:gunpowder":2},"minecraft:killed":{"minecraft:skeleton":2,"minecraft:spider":3,"minecraft:creeper":4,"minecraft:cow":2,"minecraft:zombie":2},"minecraft:mined":{"minecraft:tall_grass":1,"minecraft:grass":1},"minecraft:custom":{"minecraft:jump":127,"minecraft:time_since_rest":6952,"minecraft:crouch_one_cm":310,"minecraft:play_one_minute":6952,"minecraft:leave_game":2,"minecraft:sprint_one_cm":14034,"minecraft:time_since_death":6952,"minecraft:walk_one_cm":21501,"minecraft:sneak_time":127,"minecraft:mob_kills":13,"minecraft:fall_one_cm":267,"minecraft:fly_one_cm":69959}},"DataVersion":2586}