{"stats":{"minecraft:picked_up":{"minecraft:crafting_table":2,"minecraft:iron_chestplate":1,"minecraft:chicken":4,"minecraft:clay_ball":108,"minecraft:cornflower":1,"minecraft:moss_carpet":2,"minecraft:wooden_sword":1,"minecraft:beef":18,"minecraft:azalea":1,"minecraft:poppy":1,"minecraft:light_gray_wool":1,"minecraft:melon_slice":229,"minecraft:iron_boots":2,"minecraft:furnace":2,"minecraft:raw_iron":148,"minecraft:stick":26,"minecraft:oak_fence":1,"minecraft:torch":25,"minecraft:porkchop":1,"minecraft:stone_sword":5,"minecraft:arrow":16,"minecraft:rotten_flesh":16,"minecraft:tropical_fish":1,"minecraft:mutton":40,"minecraft:white_wool":29,"minecraft:cobblestone":171,"minecraft:birch_log":55,"minecraft:feather":2,"minecraft:jungle_log":45,"minecraft:brown_wool":1,"minecraft:leather":4,"minecraft:jungle_fence":1,"minecraft:birch_planks":1,"minecraft:oak_log":20,"minecraft:dirt":244,"minecraft:cooked_mutton":5,"minecraft:bone":13,"minecraft:apple":4,"minecraft:bow":3,"minecraft:wheat_seeds":56,"minecraft:iron_ingot":2,"minecraft:stone_pickaxe":6,"minecraft:cooked_chicken":3,"minecraft:bamboo":254,"minecraft:moss_block":1,"minecraft:flowering_azalea":4,"minecraft:oak_planks":48,"minecraft:iron_sword":1,"minecraft:axolotl_bucket":1,"minecraft:dandelion":3,"minecraft:jungle_planks":10,"minecraft:sand":82,"minecraft:white_bed":5,"minecraft:stone_axe":3,"minecraft:iron_helmet":1,"minecraft:gray_wool":4,"minecraft:emerald":3,"minecraft:oak_sapling":10,"minecraft:coal":175},"minecraft:killed_by":{"minecraft:skeleton":3},"minecraft:broken":{"minecraft:wooden_pickaxe":1,"minecraft:stone_pickaxe":2},"minecraft:dropped":{"minecraft:moss_block":1,"minecraft:wheat_seeds":21,"minecraft:iron_helmet":1,"minecraft:feather":2,"minecraft:cobblestone":2,"minecraft:tropical_fish":1,"minecraft:stick":4,"minecraft:dirt":69,"minecraft:melon_slice":8,"minecraft:iron_leggings":1,"minecraft:birch_log":55,"minecraft:white_wool":1,"minecraft:dandelion":1,"minecraft:stone_axe":1,"minecraft:moss_carpet":2,"minecraft:stone_sword":1,"minecraft:stone_shovel":1,"minecraft:white_bed":1,"minecraft:iron_chestplate":1,"minecraft:azalea":1,"minecraft:bamboo":23,"minecraft:arrow":4,"minecraft:glass":2,"minecraft:stone_pickaxe":2},"minecraft:killed":{"minecraft:spider":1,"minecraft:skeleton":8,"minecraft:chicken":4,"minecraft:pig":1,"minecraft:sheep":20,"minecraft:zombie":10,"minecraft:cow":3},"minecraft:used":{"minecraft:oak_fence":11,"minecraft:stone_sword":108,"minecraft:stone_shovel":84,"minecraft:chest":3,"minecraft:shield":1,"minecraft:iron_sword":246,"minecraft:cooked_chicken":4,"minecraft:torch":55,"minecraft:dirt":73,"minecraft:jungle_planks":2,"minecraft:axolotl_bucket":3,"minecraft:iron_hoe":84,"minecraft:flowering_azalea":3,"minecraft:iron_axe":4,"minecraft:jungle_log":1,"minecraft:bamboo":4,"minecraft:furnace":4,"minecraft:wheat_seeds":44,"minecraft:cooked_mutton":6,"minecraft:water_bucket":18,"minecraft:stone_pickaxe":333,"minecraft:jungle_fence":13,"minecraft:oak_planks":73,"minecraft:wooden_pickaxe":61,"minecraft:crafting_table":4,"minecraft:red_bed":1,"minecraft:white_bed":4,"minecraft:shears":46,"minecraft:apple":2,"minecraft:melon_slice":67,"minecraft:iron_pickaxe":21,"minecraft:stone_axe":93,"minecraft:wooden_sword":44,"minecraft:cobblestone":8,"minecraft:bucket":21,"minecraft:glass_pane":11,"minecraft:yellow_bed":1},"minecraft:custom":{"minecraft:mob_kills":63,"minecraft:interact_with_crafting_table":39,"minecraft:leave_game":1,"minecraft:time_since_death":122643,"minecraft:climb_one_cm":7570,"minecraft:sprint_one_cm":318634,"minecraft:walk_one_cm":525537,"minecraft:damage_blocked_by_shield":35,"minecraft:drop":31,"minecraft:play_time":183437,"minecraft:deaths":3,"minecraft:sneak_time":799,"minecraft:walk_under_water_one_cm":5540,"minecraft:jump":1570,"minecraft:walk_on_water_one_cm":23929,"minecraft:total_world_time":183437,"minecraft:interact_with_furnace":64,"minecraft:sleep_in_bed":9,"minecraft:time_since_rest":62,"minecraft:damage_taken":2150,"minecraft:damage_dealt":7588,"minecraft:swim_one_cm":3440,"minecraft:player_kills":1,"minecraft:fly_one_cm":122357,"minecraft:open_chest":44,"minecraft:crouch_one_cm":2082,"minecraft:fall_one_cm":22267},"minecraft:mined":{"minecraft:white_bed":4,"minecraft:jungle_leaves":5,"minecraft:grass_block":95,"minecraft:jungle_planks":2,"minecraft:jungle_log":30,"minecraft:moss_block":2,"minecraft:furnace":2,"minecraft:iron_ore":135,"minecraft:vine":8,"minecraft:bamboo":25,"minecraft:stone":123,"minecraft:flowering_azalea":3,"minecraft:dandelion":3,"minecraft:cornflower":1,"minecraft:oak_fence":1,"minecraft:clay":2,"minecraft:crafting_table":2,"minecraft:torch":6,"minecraft:emerald_ore":3,"minecraft:poppy":1,"minecraft:melon":24,"minecraft:cobblestone":6,"minecraft:tall_grass":30,"minecraft:oak_planks":2,"minecraft:wall_torch":1,"minecraft:birch_planks":1,"minecraft:birch_log":58,"minecraft:birch_leaves":5,"minecraft:jungle_fence":1,"minecraft:grass":298,"minecraft:oak_log":10,"minecraft:coal_ore":100,"minecraft:sand":84,"minecraft:dirt":99,"minecraft:oak_leaves":78,"minecraft:fern":37},"minecraft:crafted":{"minecraft:oak_planks":112,"minecraft:jungle_fence_gate":1,"minecraft:stone_shovel":1,"minecraft:cooked_chicken":4,"minecraft:furnace":4,"minecraft:yellow_bed":1,"minecraft:cooked_mutton":13,"minecraft:glass_pane":16,"minecraft:glass":34,"minecraft:iron_boots":4,"minecraft:iron_axe":1,"minecraft:iron_hoe":1,"minecraft:stone_pickaxe":4,"minecraft:chest":3,"minecraft:jungle_fence":12,"minecraft:oak_fence":12,"minecraft:red_dye":1,"minecraft:cooked_porkchop":1,"minecraft:crafting_table":2,"minecraft:wooden_pickaxe":2,"minecraft:iron_helmet":3,"minecraft:iron_sword":1,"minecraft:red_bed":1,"minecraft:blue_bed":1,"minecraft:bucket":4,"minecraft:stone_axe":1,"minecraft:jungle_planks":112,"minecraft:blue_dye":1,"minecraft:iron_chestplate":3,"minecraft:yellow_dye":1,"minecraft:shield":1,"minecraft:stick":92,"minecraft:iron_ingot":124,"minecraft:iron_pickaxe":1,"minecraft:stone_sword":2,"minecraft:iron_leggings":3,"minecraft:white_bed":3,"minecraft:torch":56,"minecraft:shears":1}},"DataVersion":3465}