{"stats":{"minecraft:picked_up":{"minecraft:wooden_axe":1,"minecraft:raw_iron":34,"minecraft:stick":5,"minecraft:iron_chestplate":1,"minecraft:torch":1,"minecraft:dandelion":4,"minecraft:diorite":3,"minecraft:shield":1,"minecraft:grass_block":1,"minecraft:iron_leggings":1,"minecraft:iron_hoe":1,"minecraft:cooked_mutton":1,"minecraft:stone_sword":1,"minecraft:rotten_flesh":1,"minecraft:bow":1,"minecraft:stone_axe":1,"minecraft:iron_helmet":1,"minecraft:granite":3,"minecraft:stone_pickaxe":2,"minecraft:iron_pickaxe":1,"minecraft:iron_sword":1,"minecraft:oak_planks":28,"minecraft:cobblestone":69,"minecraft:iron_boots":1},"minecraft:killed_by":{"minecraft:player":1},"minecraft:dropped":{"minecraft:iron_sword":1,"minecraft:stone_sword":1,"minecraft:iron_helmet":1,"minecraft:iron_leggings":1,"minecraft:iron_hoe":1,"minecraft:stone_pickaxe":1,"minecraft:iron_pickaxe":1,"minecraft:grass_block":1},"minecraft:killed":{"minecraft:skeleton":1,"minecraft:zombie":1},"minecraft:used":{"minecraft:cooked_mutton":1,"minecraft:diorite":3,"minecraft:stone_sword":29,"minecraft:stone_pickaxe":44,"minecraft:oak_planks":4,"minecraft:iron_pickaxe":42,"minecraft:shield":5,"minecraft:iron_sword":14,"minecraft:torch":1,"minecraft:cobblestone":22,"minecraft:granite":3},"minecraft:mined":{"minecraft:iron_ore":35,"minecraft:granite":3,"minecraft:grass":1,"minecraft:cobblestone":1,"minecraft:stone":41,"minecraft:diorite":5,"minecraft:wall_torch":1},"minecraft:custom":{"minecraft:time_since_rest":16230,"minecraft:interact_with_furnace":4,"minecraft:sprint_one_cm":37590,"minecraft:damage_taken":804,"minecraft:walk_one_cm":54069,"minecraft:damage_blocked_by_shield":55,"minecraft:mob_kills":2,"minecraft:drop":8,"minecraft:damage_dealt":1189,"minecraft:swim_one_cm":30516,"minecraft:interact_with_crafting_table":7,"minecraft:fly_one_cm":63742,"minecraft:player_kills":1,"minecraft:open_chest":9,"minecraft:crouch_one_cm":6105,"minecraft:play_time":80382,"minecraft:deaths":2,"minecraft:sneak_time":2511,"minecraft:walk_under_water_one_cm":10337,"minecraft:jump":429,"minecraft:interact_with_blast_furnace":3,"minecraft:leave_game":1,"minecraft:walk_on_water_one_cm":16296,"minecraft:time_since_death":16147,"minecraft:sleep_in_bed":3,"minecraft:climb_one_cm":3596,"minecraft:total_world_time":80382,"minecraft:fall_one_cm":14910},"minecraft:crafted":{"minecraft:oak_planks":32,"minecraft:stick":8,"minecraft:iron_sword":1,"minecraft:iron_pickaxe":1,"minecraft:iron_ingot":32,"minecraft:iron_helmet":1,"minecraft:stone_pickaxe":1,"minecraft:stone_sword":1,"minecraft:iron_leggings":1,"minecraft:air":0}},"DataVersion":3465}