{"stats":{"minecraft:picked_up":{"minecraft:birch_log":32,"minecraft:wheat":37,"minecraft:feather":5,"minecraft:chicken":4,"minecraft:salmon":3,"minecraft:oak_log":105,"minecraft:string":69,"minecraft:dirt":4,"minecraft:lapis_lazuli":40,"minecraft:name_tag":1,"minecraft:iron_leggings":1,"minecraft:pufferfish":1,"minecraft:bone":6,"minecraft:apple":2,"minecraft:wheat_seeds":105,"minecraft:cobbled_deepslate":21,"minecraft:raw_gold":17,"minecraft:stone_pickaxe":1,"minecraft:iron_pickaxe":2,"minecraft:iron_sword":1,"minecraft:oak_planks":29,"minecraft:stick":9,"minecraft:raw_iron":25,"minecraft:torch":3,"minecraft:dandelion":3,"minecraft:gravel":2,"minecraft:dripstone_block":5,"minecraft:porkchop":2,"minecraft:pointed_dripstone":6,"minecraft:white_bed":3,"minecraft:grass_block":3,"minecraft:redstone":1,"minecraft:iron_hoe":1,"minecraft:stone_sword":1,"minecraft:arrow":3,"minecraft:rotten_flesh":3,"minecraft:diamond":1,"minecraft:iron_helmet":1,"minecraft:granite":2,"minecraft:emerald":1,"minecraft:cod":5,"minecraft:coal":68,"minecraft:cobblestone":207,"minecraft:ender_pearl":1},"minecraft:killed_by":{"minecraft:player":1},"minecraft:broken":{"minecraft:stone_axe":1,"minecraft:wooden_pickaxe":2},"minecraft:dropped":{"minecraft:porkchop":1,"minecraft:wheat_seeds":1,"minecraft:cobblestone":76,"minecraft:name_tag":1,"minecraft:white_bed":1,"minecraft:dandelion":3},"minecraft:killed":{"minecraft:cave_spider":3,"minecraft:salmon":3,"minecraft:skeleton":2,"minecraft:zombie":4,"minecraft:chicken":4,"minecraft:enderman":2},"minecraft:used":{"minecraft:wheat_seeds":40,"minecraft:cooked_mutton":9,"minecraft:stone_pickaxe":135,"minecraft:oak_planks":6,"minecraft:wooden_pickaxe":118,"minecraft:shield":10,"minecraft:iron_sword":135,"minecraft:cooked_chicken":4,"minecraft:torch":35,"minecraft:dirt":3,"minecraft:crafting_table":1,"minecraft:white_bed":2,"minecraft:granite":1,"minecraft:wooden_axe":2,"minecraft:apple":2,"minecraft:bread":9,"minecraft:iron_pickaxe":112,"minecraft:iron_helmet":1,"minecraft:fishing_rod":7,"minecraft:stone_axe":137,"minecraft:cobblestone":43,"minecraft:cooked_porkchop":6,"minecraft:glass_pane":4,"minecraft:iron_leggings":1},"minecraft:mined":{"minecraft:white_bed":3,"minecraft:deepslate_diamond_ore":1,"minecraft:granite":2,"minecraft:cobblestone":8,"minecraft:lapis_ore":4,"minecraft:deepslate_gold_ore":17,"minecraft:oak_planks":1,"minecraft:spawner":3,"minecraft:birch_log":32,"minecraft:iron_ore":19,"minecraft:wheat":38,"minecraft:deepslate_lapis_ore":1,"minecraft:grass":7,"minecraft:oak_log":105,"minecraft:coal_ore":68,"minecraft:deepslate_iron_ore":5,"minecraft:gravel":2,"minecraft:dripstone_block":1,"minecraft:dirt":1,"minecraft:cobweb":69,"minecraft:stone":216,"minecraft:oak_leaves":5,"minecraft:deepslate":18,"minecraft:fern":1},"minecraft:custom":{"minecraft:interact_with_furnace":50,"minecraft:interact_with_anvil":4,"minecraft:mob_kills":22,"minecraft:interact_with_crafting_table":29,"minecraft:leave_game":2,"minecraft:time_since_death":37168,"minecraft:sleep_in_bed":10,"minecraft:climb_one_cm":9909,"minecraft:time_since_rest":10424,"minecraft:sprint_one_cm":229138,"minecraft:damage_taken":2025,"minecraft:walk_one_cm":410465,"minecraft:damage_blocked_by_shield":600,"minecraft:drop":9,"minecraft:damage_dealt":3042,"minecraft:talked_to_villager":2,"minecraft:swim_one_cm":25460,"minecraft:fly_one_cm":263324,"minecraft:player_kills":1,"minecraft:open_chest":96,"minecraft:crouch_one_cm":26051,"minecraft:play_time":152996,"minecraft:deaths":2,"minecraft:sneak_time":9239,"minecraft:walk_under_water_one_cm":52886,"minecraft:jump":1683,"minecraft:interact_with_blast_furnace":21,"minecraft:walk_on_water_one_cm":27237,"minecraft:total_world_time":152996,"minecraft:fish_caught":6,"minecraft:fall_one_cm":45704},"minecraft:crafted":{"minecraft:cooked_cod":5,"minecraft:oak_planks":24,"minecraft:fishing_rod":1,"minecraft:cooked_porkchop":6,"minecraft:crafting_table":1,"minecraft:wooden_pickaxe":2,"minecraft:iron_helmet":1,"minecraft:cooked_chicken":6,"minecraft:iron_sword":1,"minecraft:stone_axe":2,"minecraft:bread":10,"minecraft:cooked_mutton":21,"minecraft:air":0,"minecraft:bow":1,"minecraft:iron_boots":1,"minecraft:iron_chestplate":2,"minecraft:shield":2,"minecraft:iron_hoe":1,"minecraft:stick":36,"minecraft:iron_ingot":55,"minecraft:stone_pickaxe":1,"minecraft:wooden_axe":1,"minecraft:gold_ingot":17,"minecraft:iron_leggings":1,"minecraft:torch":32}},"DataVersion":3465}