{"stats":{"minecraft:picked_up":{"minecraft:birch_log":13,"minecraft:cocoa_beans":48,"minecraft:iron_chestplate":1,"minecraft:feather":4,"minecraft:chicken":4,"minecraft:jungle_log":26,"minecraft:salmon":6,"minecraft:brown_wool":2,"minecraft:wooden_pickaxe":1,"minecraft:oak_stairs":2,"minecraft:tuff":69,"minecraft:oak_log":29,"minecraft:lapis_lazuli":47,"minecraft:string":2,"minecraft:cornflower":1,"minecraft:dirt":54,"minecraft:raw_copper":34,"minecraft:name_tag":2,"minecraft:iron_leggings":1,"minecraft:wheat_seeds":19,"minecraft:cobbled_deepslate":1088,"minecraft:raw_gold":13,"minecraft:iron_ingot":24,"minecraft:stone_pickaxe":2,"minecraft:iron_pickaxe":2,"minecraft:bamboo":24,"minecraft:melon_slice":28,"minecraft:chest":1,"minecraft:birch_sapling":2,"minecraft:stick":14,"minecraft:raw_iron":45,"minecraft:cooked_porkchop":12,"minecraft:torch":26,"minecraft:acacia_log":45,"minecraft:dandelion":2,"minecraft:gravel":4,"minecraft:jungle_planks":126,"minecraft:porkchop":41,"minecraft:blast_furnace":1,"minecraft:ink_sac":2,"minecraft:carrot":25,"minecraft:white_bed":4,"minecraft:redstone":127,"minecraft:rotten_flesh":2,"minecraft:stone_sword":1,"minecraft:arrow":1,"minecraft:diamond":10,"minecraft:stone_axe":1,"minecraft:iron_helmet":1,"minecraft:gray_wool":2,"minecraft:emerald":2,"minecraft:mutton":12,"minecraft:coal":197,"minecraft:white_wool":5,"minecraft:cobblestone":166},"minecraft:killed_by":{"minecraft:player":1},"minecraft:broken":{"minecraft:stone_pickaxe":2,"minecraft:stone_sword":1,"minecraft:iron_pickaxe":4},"minecraft:dropped":{"minecraft:gravel":2,"minecraft:iron_ingot":14,"minecraft:wheat_seeds":1,"minecraft:oak_log":29,"minecraft:cobbled_deepslate":1069,"minecraft:tuff":68,"minecraft:cooked_porkchop":6,"minecraft:cobblestone":66,"minecraft:birch_sapling":2,"minecraft:jungle_planks":47,"minecraft:name_tag":1,"minecraft:coal":20,"minecraft:white_bed":1,"minecraft:carrot":7,"minecraft:blast_furnace":1,"minecraft:cornflower":1,"minecraft:brown_wool":1,"minecraft:iron_pickaxe":2,"minecraft:string":1,"minecraft:white_wool":3,"minecraft:dandelion":2},"minecraft:killed":{"minecraft:pig":19,"minecraft:salmon":5,"minecraft:spider":1,"minecraft:squid":1,"minecraft:sheep":5,"minecraft:zombie":4,"minecraft:chicken":3},"minecraft:used":{"minecraft:stone_sword":152,"minecraft:stone_pickaxe":346,"minecraft:wooden_pickaxe":5,"minecraft:iron_sword":80,"minecraft:cooked_chicken":1,"minecraft:torch":3,"minecraft:carrot":6,"minecraft:white_bed":1,"minecraft:tuff":1,"minecraft:black_bed":1,"minecraft:apple":1,"minecraft:bread":4,"minecraft:melon_slice":6,"minecraft:iron_pickaxe":1210,"minecraft:jungle_log":1,"minecraft:stone_axe":110,"minecraft:cooked_porkchop":3,"minecraft:furnace":2,"minecraft:cobbled_deepslate":1},"minecraft:custom":{"minecraft:interact_with_furnace":20,"minecraft:interact_with_anvil":2,"minecraft:mob_kills":40,"minecraft:interact_with_crafting_table":26,"minecraft:leave_game":1,"minecraft:time_since_death":161195,"minecraft:sleep_in_bed":7,"minecraft:climb_one_cm":11150,"minecraft:time_since_rest":10555,"minecraft:sprint_one_cm":73473,"minecraft:damage_taken":1295,"minecraft:walk_one_cm":971224,"minecraft:drop":68,"minecraft:damage_dealt":4006,"minecraft:talked_to_villager":8,"minecraft:swim_one_cm":655,"minecraft:fly_one_cm":9937,"minecraft:open_chest":10,"minecraft:crouch_one_cm":3816,"minecraft:play_time":226679,"minecraft:deaths":2,"minecraft:sneak_time":616,"minecraft:walk_under_water_one_cm":15892,"minecraft:interact_with_brewingstand":1,"minecraft:jump":1344,"minecraft:interact_with_blast_furnace":3,"minecraft:walk_on_water_one_cm":13093,"minecraft:total_world_time":226679,"minecraft:fall_one_cm":16374},"minecraft:mined":{"minecraft:deepslate_redstone_ore":35,"minecraft:tuff":59,"minecraft:acacia_leaves":1,"minecraft:white_bed":2,"minecraft:deepslate_diamond_ore":10,"minecraft:jungle_leaves":1,"minecraft:dandelion":2,"minecraft:torch":4,"minecraft:cornflower":1,"minecraft:glow_lichen":1,"minecraft:blast_furnace":1,"minecraft:acacia_log":47,"minecraft:emerald_ore":1,"minecraft:grass_block":8,"minecraft:jungle_log":26,"minecraft:copper_ore":10,"minecraft:tall_grass":16,"minecraft:deepslate_gold_ore":13,"minecraft:wall_torch":22,"minecraft:carrots":10,"minecraft:wheat":2,"minecraft:birch_log":13,"minecraft:iron_ore":23,"minecraft:birch_leaves":3,"minecraft:deepslate_lapis_ore":7,"minecraft:deepslate_iron_ore":1,"minecraft:grass":47,"minecraft:oak_log":29,"minecraft:coal_ore":105,"minecraft:cocoa":8,"minecraft:vine":3,"minecraft:oak_stairs":2,"minecraft:gravel":17,"minecraft:dirt":23,"minecraft:bamboo":4,"minecraft:stone":125,"minecraft:deepslate":1135,"minecraft:oak_leaves":10,"minecraft:fern":7},"minecraft:crafted":{"minecraft:black_dye":1,"minecraft:cooked_porkchop":6,"minecraft:wooden_pickaxe":1,"minecraft:cooked_chicken":1,"minecraft:iron_sword":1,"minecraft:furnace":2,"minecraft:stone_axe":1,"minecraft:jungle_planks":96,"minecraft:iron_axe":1,"minecraft:stick":40,"minecraft:iron_ingot":23,"minecraft:iron_pickaxe":7,"minecraft:stone_pickaxe":2,"minecraft:stone_sword":1,"minecraft:chest":1,"minecraft:black_bed":1}},"DataVersion":3465}