{"stats":{"minecraft:picked_up":{"minecraft:arrow":6,"minecraft:bone":14,"minecraft:rotten_flesh":3,"minecraft:porkchop":3,"minecraft:oak_log":2,"minecraft:gunpowder":1,"minecraft:spider_eye":2,"minecraft:string":11,"minecraft:egg":1},"minecraft:mined":{"minecraft:oak_log":2},"minecraft:custom":{"minecraft:time_since_rest":12677,"minecraft:play_one_minute":12677,"minecraft:crouch_one_cm":67,"minecraft:damage_taken":40,"minecraft:sprint_one_cm":25262,"minecraft:walk_one_cm":30194,"minecraft:sneak_time":45,"minecraft:mob_kills":34,"minecraft:jump":120,"minecraft:leave_game":2,"minecraft:time_since_death":12677,"minecraft:walk_on_water_one_cm":173,"minecraft:fall_one_cm":3150,"minecraft:fly_one_cm":35995},"minecraft:killed":{"minecraft:skeleton":11,"minecraft:spider":9,"minecraft:zombie":3,"minecraft:pig":1,"minecraft:chicken":1,"minecraft:creeper":6,"minecraft:squid":1,"minecraft:salmon":2}},"DataVersion":2586}