{"stats":{"minecraft:picked_up":{"minecraft:cocoa_beans":12,"minecraft:iron_chestplate":1,"minecraft:crafting_table":15,"minecraft:chicken":6,"minecraft:oak_stairs":3,"minecraft:shield":1,"minecraft:cornflower":3,"minecraft:string":16,"minecraft:iron_leggings":1,"minecraft:iron_shovel":1,"minecraft:cobbled_deepslate":1263,"minecraft:jungle_sapling":1,"minecraft:poppy":1,"minecraft:iron_pickaxe":3,"minecraft:melon_slice":28,"minecraft:iron_boots":1,"minecraft:furnace":3,"minecraft:egg":1,"minecraft:stick":2,"minecraft:raw_iron":363,"minecraft:oak_door":1,"minecraft:oak_fence":1,"minecraft:torch":44,"minecraft:porkchop":3,"minecraft:carrot":7,"minecraft:diorite":16,"minecraft:redstone":93,"minecraft:arrow":13,"minecraft:rotten_flesh":16,"minecraft:beetroot_seeds":4,"minecraft:gold_ingot":1,"minecraft:obsidian":12,"minecraft:mutton":14,"minecraft:rail":12,"minecraft:white_wool":16,"minecraft:cobblestone":365,"minecraft:oxeye_daisy":3,"minecraft:birch_log":55,"minecraft:feather":6,"minecraft:water_bucket":1,"minecraft:jungle_log":7,"minecraft:birch_planks":1,"minecraft:flint":3,"minecraft:tuff":134,"minecraft:oak_log":50,"minecraft:gunpowder":3,"minecraft:lapis_lazuli":115,"minecraft:dirt":65,"minecraft:name_tag":1,"minecraft:cooked_mutton":8,"minecraft:bone":11,"minecraft:glass":2,"minecraft:bow":1,"minecraft:wheat_seeds":66,"minecraft:raw_gold":63,"minecraft:iron_ingot":33,"minecraft:cooked_chicken":1,"minecraft:bamboo":24,"minecraft:iron_sword":1,"minecraft:oak_planks":63,"minecraft:cooked_porkchop":22,"minecraft:dandelion":5,"minecraft:raw_iron_block":2,"minecraft:dripstone_block":70,"minecraft:gravel":12,"minecraft:sand":18,"minecraft:jungle_planks":47,"minecraft:blast_furnace":1,"minecraft:white_bed":4,"minecraft:spider_eye":1,"minecraft:diamond":19,"minecraft:stone_axe":1,"minecraft:iron_helmet":1,"minecraft:gray_wool":1,"minecraft:emerald":8,"minecraft:oak_sapling":2,"minecraft:coal":143},"minecraft:broken":{"minecraft:stone_pickaxe":1,"minecraft:iron_pickaxe":3},"minecraft:dropped":{"minecraft:iron_ingot":24,"minecraft:wheat_seeds":14,"minecraft:cooked_porkchop":15,"minecraft:feather":4,"minecraft:cobblestone":116,"minecraft:jungle_planks":55,"minecraft:coal":1,"minecraft:emerald":1,"minecraft:stick":2,"minecraft:dirt":3,"minecraft:diorite":3,"minecraft:melon_slice":12,"minecraft:jungle_sapling":1,"minecraft:wooden_sword":1,"minecraft:string":10,"minecraft:dandelion":1,"minecraft:bone":2,"minecraft:gravel":12,"minecraft:cobbled_deepslate":956,"minecraft:stone_sword":1,"minecraft:tuff":109,"minecraft:raw_iron":1,"minecraft:rotten_flesh":2,"minecraft:name_tag":2,"minecraft:gunpowder":2,"minecraft:beetroot_seeds":8,"minecraft:jungle_log":1,"minecraft:oak_sapling":1,"minecraft:arrow":1,"minecraft:stone_pickaxe":1,"minecraft:wooden_pickaxe":1},"minecraft:killed":{"minecraft:spider":2,"minecraft:skeleton":8,"minecraft:chicken":6,"minecraft:parrot":1,"minecraft:zombie_villager":1,"minecraft:creeper":1,"minecraft:sheep":13,"minecraft:zombie":15},"minecraft:used":{"minecraft:oak_fence":12,"minecraft:stone_sword":86,"minecraft:iron_shovel":58,"minecraft:flint_and_steel":3,"minecraft:ladder":4,"minecraft:chest":2,"minecraft:shield":27,"minecraft:iron_sword":81,"minecraft:cooked_chicken":5,"minecraft:oak_door":3,"minecraft:torch":28,"minecraft:dirt":7,"minecraft:anvil":1,"minecraft:jungle_planks":3,"minecraft:iron_hoe":37,"minecraft:iron_axe":5,"minecraft:oak_stairs":38,"minecraft:bamboo":11,"minecraft:golden_carrot":1,"minecraft:furnace":4,"minecraft:egg":1,"minecraft:cobbled_deepslate":39,"minecraft:cooked_mutton":10,"minecraft:water_bucket":72,"minecraft:diorite":10,"minecraft:birch_planks":59,"minecraft:stone_pickaxe":253,"minecraft:oak_planks":51,"minecraft:wooden_pickaxe":9,"minecraft:blue_bed":1,"minecraft:glow_berries":6,"minecraft:crafting_table":17,"minecraft:blast_furnace":2,"minecraft:white_bed":6,"minecraft:diamond_pickaxe":959,"minecraft:light":1,"minecraft:oxeye_daisy":3,"minecraft:melon_slice":32,"minecraft:iron_pickaxe":754,"minecraft:stone_axe":52,"minecraft:cobblestone":167,"minecraft:bucket":73,"minecraft:glass_pane":32,"minecraft:dandelion":2},"minecraft:custom":{"minecraft:interact_with_anvil":2,"minecraft:mob_kills":47,"minecraft:interact_with_crafting_table":57,"minecraft:leave_game":1,"minecraft:time_since_death":120364,"minecraft:climb_one_cm":17664,"minecraft:sprint_one_cm":423695,"minecraft:walk_one_cm":588118,"minecraft:damage_blocked_by_shield":613,"minecraft:drop":86,"minecraft:talked_to_villager":2,"minecraft:play_time":284582,"minecraft:deaths":1,"minecraft:sneak_time":14852,"minecraft:walk_under_water_one_cm":6494,"minecraft:jump":2441,"minecraft:interact_with_blast_furnace":47,"minecraft:walk_on_water_one_cm":22813,"minecraft:total_world_time":284582,"minecraft:interact_with_furnace":39,"minecraft:sleep_in_bed":7,"minecraft:time_since_rest":6659,"minecraft:damage_taken":1139,"minecraft:damage_dealt":6693,"minecraft:swim_one_cm":40970,"minecraft:fly_one_cm":515013,"minecraft:open_chest":54,"minecraft:crouch_one_cm":38548,"minecraft:fall_one_cm":64192},"minecraft:mined":{"minecraft:tuff":170,"minecraft:white_bed":3,"minecraft:deepslate_diamond_ore":19,"minecraft:sculk_vein":6,"minecraft:jungle_leaves":2,"minecraft:obsidian":12,"minecraft:grass_block":42,"minecraft:jungle_log":6,"minecraft:oxeye_daisy":3,"minecraft:spawner":2,"minecraft:raw_iron_block":2,"minecraft:sculk_catalyst":1,"minecraft:furnace":3,"minecraft:fire":3,"minecraft:iron_ore":159,"minecraft:cobbled_deepslate":4,"minecraft:deepslate_lapis_ore":18,"minecraft:sculk_shrieker":1,"minecraft:deepslate_iron_ore":72,"minecraft:vine":2,"minecraft:flowering_azalea_leaves":1,"minecraft:rail":6,"minecraft:oak_stairs":4,"minecraft:bamboo":1,"minecraft:stone":218,"minecraft:deepslate_redstone_ore":15,"minecraft:dandelion":3,"minecraft:oak_fence":1,"minecraft:crafting_table":15,"minecraft:cornflower":2,"minecraft:torch":6,"minecraft:emerald_ore":4,"minecraft:melon":5,"minecraft:poppy":1,"minecraft:sculk_sensor":7,"minecraft:cobblestone":20,"minecraft:tall_grass":2,"minecraft:deepslate_gold_ore":63,"minecraft:oak_planks":12,"minecraft:sculk":24,"minecraft:diorite":14,"minecraft:wall_torch":2,"minecraft:birch_planks":1,"minecraft:wheat":2,"minecraft:grass":404,"minecraft:coal_ore":43,"minecraft:oak_log":21,"minecraft:cocoa":2,"minecraft:dirt":31,"minecraft:gravel":6,"minecraft:sand":18,"minecraft:dripstone_block":39,"minecraft:cobweb":10,"minecraft:oak_leaves":9,"minecraft:deepslate":1062,"minecraft:fern":103},"minecraft:crafted":{"minecraft:golden_carrot":7,"minecraft:oak_door":3,"minecraft:smooth_stone":3,"minecraft:oak_planks":200,"minecraft:raw_iron":81,"minecraft:cooked_chicken":5,"minecraft:furnace":2,"minecraft:blast_furnace":1,"minecraft:stone":14,"minecraft:flint_and_steel":1,"minecraft:glass_pane":32,"minecraft:glass":16,"minecraft:iron_boots":1,"minecraft:iron_axe":1,"minecraft:ladder":6,"minecraft:iron_hoe":1,"minecraft:stone_pickaxe":3,"minecraft:chest":2,"minecraft:stone_bricks":4,"minecraft:oak_fence":12,"minecraft:raw_iron_block":7,"minecraft:cooked_porkchop":8,"minecraft:crafting_table":3,"minecraft:wooden_pickaxe":1,"minecraft:iron_sword":1,"minecraft:blue_bed":1,"minecraft:gold_block":5,"minecraft:bucket":2,"minecraft:birch_planks":108,"minecraft:stone_axe":1,"minecraft:air":0,"minecraft:jungle_planks":24,"minecraft:blue_dye":1,"minecraft:diamond_pickaxe":1,"minecraft:gold_nugget":63,"minecraft:shield":1,"minecraft:stick":56,"minecraft:iron_ingot":223,"minecraft:iron_pickaxe":2,"minecraft:oak_stairs":44,"minecraft:iron_block":19,"minecraft:stone_sword":1,"minecraft:iron_shovel":1,"minecraft:gold_ingot":63,"minecraft:anvil":1,"minecraft:white_bed":3,"minecraft:torch":20,"minecraft:lapis_block":17}},"DataVersion":3465}