{
  "minecraft:recipes/redstone/tnt": {
    "criteria": {
      "has_gunpowder": "2024-06-06 06:13:40 +0000"
    },
    "done": true
  },
  "create:root": {
    "criteria": {
      "0": "2024-06-06 06:20:41 +0000"
    },
    "done": true
  },
  "minecraft:recipes/food/cooked_beef_from_campfire_cooking": {
    "criteria": {
      "has_beef": "2024-06-06 06:13:05 +0000"
    },
    "done": true
  },
  "minecraft:adventure/kill_a_mob": {
    "criteria": {
      "minecraft:skeleton": "2024-06-06 06:13:03 +0000"
    },
    "done": true
  },
  "minecraft:adventure/kill_all_mobs": {
    "criteria": {
      "minecraft:skeleton": "2024-06-06 06:13:03 +0000",
      "minecraft:spider": "2024-06-06 06:13:49 +0000",
      "minecraft:creeper": "2024-06-06 06:13:30 +0000",
      "minecraft:zombie": "2024-06-06 06:13:34 +0000"
    },
    "done": false
  },
  "enchantinginfuser:recipes/decorations/advanced_enchanting_infuser": {
    "criteria": {
      "has_netherite_ingot": "2024-06-06 06:20:41 +0000",
      "has_crying_obsidian": "2024-06-06 06:20:41 +0000",
      "has_the_recipe": "2024-06-06 06:20:41 +0000"
    },
    "done": true
  },
  "dungeons_arise:wda_root": {
    "criteria": {
      "WDA": "2024-06-06 06:20:41 +0000"
    },
    "done": true
  },
  "minecraft:recipes/food/cooked_beef_from_smoking": {
    "criteria": {
      "has_beef": "2024-06-06 06:13:05 +0000"
    },
    "done": true
  },
  "minecraft:adventure/root": {
    "criteria": {
      "killed_something": "2024-06-06 06:12:58 +0000"
    },
    "done": true
  },
  "enchantinginfuser:recipes/decorations/enchanting_infuser": {
    "criteria": {
      "has_amethyst_shard": "2024-06-06 06:20:41 +0000",
      "has_crying_obsidian": "2024-06-06 06:20:41 +0000"
    },
    "done": true
  },
  "minecraft:recipes/food/cooked_beef": {
    "criteria": {
      "has_beef": "2024-06-06 06:13:05 +0000"
    },
    "done": true
  },
  "minecraft:adventure/adventuring_time": {
    "criteria": {
      "minecraft:desert": "2024-06-06 05:49:58 +0000",
      "minecraft:river": "2024-06-06 05:52:25 +0000",
      "minecraft:savanna": "2024-06-06 05:52:04 +0000",
      "minecraft:plains": "2024-06-06 05:49:42 +0000"
    },
    "done": false
  },
  "minecraft:recipes/misc/bone_meal": {
    "criteria": {
      "has_bone": "2024-06-06 06:13:50 +0000"
    },
    "done": true
  },
  "repurposed_structures:root": {
    "criteria": {
      "always": "2024-06-06 06:20:41 +0000"
    },
    "done": true
  },
  "DataVersion": 2586
}