{
  "minecraft:recipes/decorations/crafting_table": {
    "criteria": {
      "unlock_right_away": "2024-06-14 02:23:13 +0000"
    },
    "done": true
  },
  "minecraft:adventure/adventuring_time": {
    "criteria": {
      "minecraft:eroded_badlands": "2024-06-14 02:36:39 +0000",
      "minecraft:bamboo_jungle": "2024-06-14 02:32:35 +0000",
      "minecraft:wooded_badlands": "2024-06-14 02:36:29 +0000",
      "minecraft:badlands": "2024-06-14 02:36:31 +0000",
      "minecraft:sparse_jungle": "2024-06-14 02:23:14 +0000",
      "minecraft:river": "2024-06-14 02:40:17 +0000",
      "minecraft:forest": "2024-06-14 02:33:31 +0000",
      "minecraft:desert": "2024-06-14 02:37:22 +0000",
      "minecraft:jungle": "2024-06-14 02:35:53 +0000",
      "minecraft:plains": "2024-06-14 02:34:08 +0000"
    },
    "done": false
  },
  "DataVersion": 3465
}